a_c_reference,account_type_name
19j5y5Gt4tj+zTq0zqwpmw==,Customer Account
2C/0RbhUI6YtcG/RhXfnmg==,Customer Account
4UtBI/0o1ICLgQW2GHkdOg==,Customer Account
6tqYAz5aTzXKkct63o5YKQ==,Customer Account
96LxhsqbqF/3k3V3iqjI4w==,Customer Account
AfkKj7lLubeABbBpF/zi4w==,Customer Account
DaSfHVBg5GkPvoErH6vJzA==,Customer Account
EkY+3/m3FqnBLe7ZypLG7g==,Customer Account
FCSMwaZuVNF2QOkk1zZnDA==,Account for Alfalah
GoQOifdBbc2B7MdNZTG+/w==,Customer Account
HSqXfrd5USRB4UOJED41ow==,Customer Account
izwnidQJmuzCVtA/z+wtbQ==,Customer Account
jm7iYtfatruF6C8M0vP6Vw==,Organization Account
LGatGVAB5OQcnuv7htK5PA==,Organization Account
n/El4W7Bg3f42iBxz/rtEA==,Customer Account
pu5VeBaYl2DFFQQeVzGx6A==,Customer Account
r1c7tkd8H0JUpFr6mGSwkA==,Customer Account
RE1lTiME47iIFbwVGcWs/w==,Customer Account
vuq1vuSomRwwYCp5lw50Fw==,Customer Account
vUzZthRnvGNTT66JiobDCw==,Customer Account
W5dyT3dKSGiuw2brPfbWHw==,Customer Account
wsrNquzLRCSu3d1xemGxrA==,Customer Account
zy2S2pW/0XtWWDS7gVYqWA==,Customer Account
