,fraud_flag,start_balance,trx_amt,hour_of_day,day_of_week,is_weekend,is_night,is_business_hours,is_unusual_hour,night_weekend_combo,start_balance_log,txn_total_amount_3d,txn_avg_amount_3d,txn_max_amount_3d,txn_min_amount_3d,txn_is_high_activity_3d,txn_multi_channel_recent,txn_amount_deviation_from_avg,channel_new_jc_app,channel_ussd,channel_ussd_api,channel_payment_gateway,channel_mobile_app,type_transfer_c2c,type_transfer_c2b,type_bill_payment,type_mobile_load,user_total_amount_3d,user_avg_amount_3d,user_median_amount_3d,user_max_amount_3d,user_min_amount_3d,user_total_amount_7d,user_avg_amount_7d,user_median_amount_7d,user_max_amount_7d,user_min_amount_7d,user_channel_diversity_score_7d,user_type_diversity_score_7d,user_avg_start_balance_7d,user_avg_end_balance_7d,user_min_balance_7d,user_max_balance_7d,user_balance_volatility_7d,user_avg_amount_per_recipient_7d,user_max_amount_to_single_recipient_7d,user_recipient_concentration_ratio_7d,user_avg_time_between_txns_7d,user_txn_frequency_score_7d
fraud_flag,1.0,-0.0016357300514952306,0.004885896358575904,-0.004215043696223638,-0.0007098970417366409,-0.00021496069608437226,-0.0059514542988353585,0.01238750831504134,-0.0038964464212869485,-0.0029941067370260438,-0.005396770653808493,-0.003478110439865394,-0.0026802190761850355,-0.004592696235988287,0.0003165735846319209,-0.0048854663712023265,-0.006734556175778904,-0.00010432959484860195,-0.001487464277702498,-0.0038519620813459447,-0.0007001564864027996,0.007528708983842606,-0.0030198870581069895,0.005572885463891715,-0.005305270972558753,,-0.002400013000842291,-0.0011806478675274127,-0.0014442634400551042,-0.001227649758896934,-0.0015786877660241164,-0.0010231970648363444,-0.0014884089341044373,-0.001737780957774194,-0.001349487849527357,-0.0020699573802380575,-0.0010611593024755113,-0.0006905509581660383,-0.0012147510800665934,-0.001737780957774194,-0.0017377439355986612,-0.0010612647236783851,-0.002069987580847765,-0.0017744309738467,-0.001724502491057967,-0.0020703740652673205,0.003215717142954946,-0.0015015073273284127,-0.001288796448124933
start_balance,-0.0016357300514952306,1.0,-0.02595153202444552,-0.07651510007600078,0.002547211793789146,0.005390656669299414,0.09263771591843609,-0.04276739182576041,0.13582769325110752,0.04733416945224496,0.5465800717950542,-0.03601384042115789,-0.038196963778966746,-0.04785666025339511,-0.01989626019417838,-0.046134767824154876,-0.059888567145640496,0.02212600777442215,-0.14108434550286103,-0.042010347968551236,-0.04002904049314574,-0.06034407265655721,-0.032949754337332555,-0.08034937139546024,-0.05787076201781849,,-0.052392627783529835,0.14724782494994604,0.2174277639426188,0.21242865754120943,0.1709712821075665,0.19271070450731204,0.1696273708636812,0.2683284971588872,0.2574874654158658,0.19446658692496324,0.2290571256226137,-0.05347990979677862,-0.10890926165853015,0.2683284971588872,0.2683287551661343,0.22905757110045213,0.19446597848865066,0.12921639600700818,0.2753398692502489,0.194467025992321,0.1443493549838539,-0.010421070693265007,-0.02815192355059678
trx_amt,0.004885896358575904,-0.02595153202444552,1.0,0.03643727651049117,-0.023911761039980592,-0.030384280013364504,-0.06391542941233688,0.05899605766473124,-0.05796167465586779,-0.037731840610208,0.17824722974576,0.141441939583151,0.24507738157239245,0.2085990688210122,0.15977560458043993,-0.07716318794082164,-0.06783988274885064,0.03268511218233072,0.15419660852245085,-0.08857971301694335,0.08259684918490103,-0.14703486944041305,-0.1042828907035691,0.07536508915290506,0.11126377875811738,,-0.1721968889314066,-0.003352045280257494,0.003990883601671958,0.006334120682408678,-0.002059459605234593,0.0025919588330854766,-0.006308553695443961,0.0010647608645444231,0.003765511460388519,-0.007432584161689997,0.00038618465913585557,-0.08907742140241319,-0.031756010885631944,0.0010647608645444231,0.0010604634595379578,0.00038137845508117086,-0.007430743370421173,-0.00446310441119727,0.00018922593360247726,-0.007434933175405961,0.09951235424240663,0.031113943113185348,-0.06148635700028175
hour_of_day,-0.004215043696223638,-0.07651510007600078,0.03643727651049117,1.0,-0.020612291095361186,-0.0272947012489685,-0.23680651822047474,-0.1531763796266758,-0.6596322159766762,-0.14764529667075782,-0.059084407269750464,-0.011343102539630792,0.011602679440762053,0.004710789523193498,0.010810262646980227,-0.03751469694370963,-0.03679417512193589,-0.0003614077070033404,0.06902186689098162,-0.006417889822941415,0.019657180569050137,-0.059597725670843225,-0.058615906019474424,0.07400408147642383,0.0037193490028339456,,-0.0641488068074155,-0.00266407246507319,0.0029126987787022993,0.0036834356919996304,-0.0036038392446641246,0.0055666528240308705,-0.003517041474235531,0.004923041559596156,0.00526263929049006,-0.0020375667818684044,0.007128098550475399,-0.03385826764489156,-0.015495038124633336,0.004923041559596156,0.004923222659870772,0.007127989092280735,-0.00203739324079233,-0.00212573893441732,0.0038614795904402246,-0.002037547020945925,0.020492856822908793,0.05043521549101734,-0.02075964413124551
day_of_week,-0.0007098970417366409,0.002547211793789146,-0.023911761039980592,-0.020612291095361186,1.0,0.7918512697580906,0.020082615123559862,-0.009761654447992273,0.02509522725534198,0.31378607848615353,-0.006874319104287242,0.002290290349581931,0.004680792059015862,0.006057644075661443,0.0034121106989034255,0.010049862098110627,0.0222166853356114,0.00271469787966562,-0.02108326440124689,0.005286554413766959,-6.833490248872602e-05,0.01617243517302855,0.006453703315023434,-0.0009968782473965586,-0.013965770743834321,,0.01292176326690599,0.0037773482684117492,0.006683381317083491,0.00442950525109603,0.008443073245308413,0.004824746870075555,0.002674120016619421,0.003355569638349629,0.0013158796315981324,0.004323536577854918,0.0015481250219963687,0.009638575994259869,0.0018414276136142613,0.003355569638349629,0.0033555723965154522,0.0015481637550908642,0.0043234435123252505,0.004487283199450975,0.003958438695712921,0.004323287138072236,-0.0005280247604091398,-0.007074477995889381,0.0070187086738355015
is_weekend,-0.00021496069608437226,0.005390656669299414,-0.030384280013364504,-0.0272947012489685,0.7918512697580906,1.0,0.02257398053810037,-0.008273198959372745,0.031042647608234542,0.39748728880595274,-0.002614637097314846,-0.0027525014104138063,-0.0024078549187055115,-0.0026091361765989197,0.0005682144025725024,0.010964144643162933,0.01834247442728224,-0.001047291585220647,-0.022901036586287813,0.009044629837351168,-0.003049330142923693,0.02217376666907592,0.014524739711866193,-0.013053213466062768,-0.012255331521922253,,0.023138543461053755,0.0006675901553727986,0.002447505060477839,0.002111757984759325,0.0037813116891473814,0.002192706930934389,0.0032344263203187983,0.004083711792279781,0.002488317947721117,0.005048181468150765,0.0019281753530051295,0.011165041220779203,0.008523174745189795,0.004083711792279781,0.0040836469287855465,0.0019281655093200782,0.005048102121550669,0.005199938340256163,0.004640333975454751,0.005047975450989072,-0.005566168990404017,-0.0020115667104925222,0.00924375010029099
is_night,-0.0059514542988353585,0.09263771591843609,-0.06391542941233688,-0.23680651822047474,0.020082615123559862,0.02257398053810037,1.0,-0.480439984174108,0.6547049217952667,0.503088251490416,0.06090844422672185,0.008968187928149558,-0.01264482744090044,-0.007349258640072252,-0.01099394457891667,0.041854972636277916,0.04857394089981178,-0.001376714898685953,-0.06900707575070149,-0.042897323843237946,-0.07913449014362339,0.12291076262229335,0.025621238837907588,-0.08789743079095237,-0.030637147050636943,,0.004529730813370767,0.010127962967791775,0.00717331784358332,0.005137973126265264,0.01407397698397459,0.0013913473087948615,0.009583544735482823,0.00396774828542794,0.002860376905544225,0.012400484651041616,-0.0021926294575135134,0.057055902069878865,0.03689283473068834,0.00396774828542794,0.003967206124813214,-0.0021923544046347585,0.012400136163919596,0.011815032566743182,0.0036245897249488983,0.012400773356835688,-0.011626405726196335,-0.03282099213805334,0.03031451475064384
is_business_hours,0.01238750831504134,-0.04276739182576041,0.05899605766473124,-0.1531763796266758,-0.009761654447992273,-0.008273198959372745,-0.480439984174108,1.0,-0.3145464222660302,-0.24170371158423332,-0.018354941300992973,-0.002213518765194314,0.009677451529464282,0.004503901709789217,0.009906453635169772,-0.022193858644709942,-0.03300777178737297,0.0027857234361706885,0.0390934291633687,0.008261180267841572,0.03471228644481012,-0.05226752171089876,-0.01062481665355744,0.03857818412915768,0.0386620313974946,,-0.010286622661855553,-0.007599209010371395,-0.006359392313962024,-0.005338855299144791,-0.008854745181518653,-0.003703467275530973,-0.006620058664252317,-0.004625002426825277,-0.004020745714605396,-0.008061001909041712,-0.0005629179697404831,-0.04199087201173593,-0.028694985081009403,-0.004625002426825277,-0.004624920976681506,-0.0005632129500876318,-0.008060838827892837,-0.007690826345964469,-0.004537139548339402,-0.008061387093503803,0.023445776784784895,0.0013835582548598936,-0.0072814086379688345
is_unusual_hour,-0.0038964464212869485,0.13582769325110752,-0.05796167465586779,-0.6596322159766762,0.02509522725534198,0.031042647608234542,0.6547049217952667,-0.3145464222660302,1.0,0.3608329687310091,0.09804356769896658,0.0157762985178256,-0.009388003874703156,-0.0027817008612407907,-0.010327122437816421,0.04525533220947978,0.05024473293620668,-0.0014296242990985933,-0.07647964094854055,-0.04363889674077857,-0.06690364114497296,0.11050433705777164,0.03255701247358015,-0.0926863649444954,-0.019099261853709658,,0.008271040108080056,0.007504517641550103,0.001687031783878857,0.00013073449407491957,0.009335643186782086,-0.002695088054023569,0.00842176590373509,0.00039595587970593594,-0.0006389009175632259,0.009228475607889424,-0.0046619349752533715,0.05595733174302835,0.033967152106282046,0.00039595587970593594,0.0003952636266469379,-0.004661856439653411,0.00922815129742298,0.00869333649274658,0.0009402608003564942,0.009228794348789624,-0.0068572049918998275,-0.04869659306687204,0.02658722292991707
night_weekend_combo,-0.0029941067370260438,0.04733416945224496,-0.037731840610208,-0.14764529667075782,0.31378607848615353,0.39748728880595274,0.503088251490416,-0.24170371158423332,0.3608329687310091,1.0,0.032961710057483336,0.006271574548692796,-0.004237123077774985,-0.00016157732109319775,-0.006032951913336274,0.023439284510277294,0.031048770494212563,-0.0030786724861940687,-0.04769747531579433,-0.02453187096109981,-0.0414299024454769,0.07370945383820003,0.013326983873003418,-0.04523613342655898,-0.020043923636082307,,0.0034317672421753653,0.0022642209442243558,0.0016424569708014273,0.0017193380352206159,0.0034232077057765875,0.0009456117125764541,0.0025368088320180944,0.0026814962494053907,0.0037046987598075747,0.003999408712955164,0.0023652846243174975,0.031333371195040996,0.020071061893494897,0.0026814962494053907,0.002681140333548775,0.002365439915864213,0.003999193320590458,0.0019575204624231895,0.0024293685123378344,0.003999424208287079,-0.0014317431544811263,-0.022212214413912745,0.021860485504098057
start_balance_log,-0.005396770653808493,0.5465800717950542,0.17824722974576,-0.059084407269750464,-0.006874319104287242,-0.002614637097314846,0.06090844422672185,-0.018354941300992973,0.09804356769896658,0.032961710057483336,1.0,0.06586390137379186,0.06694233046937909,0.07028304134411384,0.03948814624302716,-0.007573741045613395,-0.013274983677165,0.014578329894013291,-0.13197113679965208,0.02955984032303929,-0.029298910173790188,-0.0635156554033369,-0.048075792486872375,-0.30556600706277576,0.07258178520403745,,-0.03431057646518496,0.08994438252472739,0.13418651459583236,0.1319641628234573,0.09504125145307518,0.13337081918137053,0.09427129366338084,0.15270756571736863,0.15147925105388685,0.09939451903845213,0.14445009299361436,0.01452448255889917,0.01590301197330919,0.15270756571736863,0.152705115158412,0.14444813094847214,0.09939453132864712,0.055569832841107926,0.1440283343504559,0.09939274318580617,0.06257420133786644,-0.0031260101104158985,0.006909233766296858
txn_total_amount_3d,-0.003478110439865394,-0.03601384042115789,0.141441939583151,-0.011343102539630792,0.002290290349581931,-0.0027525014104138063,0.008968187928149558,-0.002213518765194314,0.0157762985178256,0.006271574548692796,0.06586390137379186,1.0,0.45346213162211657,0.6498945540081619,0.1158876295402634,0.3396012550708292,0.22641642546310886,-0.008033174985958865,0.038830768928897905,-0.054224062509190284,-0.059750295480712326,0.06703702148123061,-0.03411083534706034,-0.009207991596324898,-0.0015110000075980441,,-0.051395907479274416,0.028808806446573708,-0.011135746309854403,-0.018935868539885915,0.01956594567215273,-0.0224895065072974,0.03145979025570251,-0.0183241817798257,-0.024716664959722755,0.02066450510188621,-0.02547008530189788,0.1903691141765205,0.24134928429305227,-0.0183241817798257,-0.01833319294539948,-0.02547266281359727,0.020667056338440834,0.016917599848347904,-0.01748117153184806,0.02066320904067379,-0.10062553277626658,-0.14649178254265446,0.29498649923630527
txn_avg_amount_3d,-0.0026802190761850355,-0.038196963778966746,0.24507738157239245,0.011602679440762053,0.004680792059015862,-0.0024078549187055115,-0.01264482744090044,0.009677451529464282,-0.009388003874703156,-0.004237123077774985,0.06694233046937909,0.45346213162211657,1.0,0.8052422207482187,0.7560433794100069,-0.02994324177168895,0.026512556588947415,-0.010923086151930023,0.1244111541198728,-0.047396638228766705,-0.017525178409075654,-0.07936656063808634,-0.02824700683019392,0.06777579619102503,0.022359210735596505,,-0.04343073964172199,0.01139004317594047,0.00675998220442623,0.0021079873729952766,0.014532348231086253,-0.005695914506942779,0.009244778703098838,-0.0029226748584186306,-0.00860947557455011,0.00876068006099981,-0.015179929206250055,0.043295637134769915,0.1617451762497269,-0.0029226748584186306,-0.002936585446150225,-0.015193602634584897,0.008765770361374286,0.017361202769577467,-0.003140714717988108,0.008759954983991944,-0.0640677790297025,-0.006954104363844989,-0.03740956332798567
txn_max_amount_3d,-0.004592696235988287,-0.04785666025339511,0.2085990688210122,0.004710789523193498,0.006057644075661443,-0.0026091361765989197,-0.007349258640072252,0.004503901709789217,-0.0027817008612407907,-0.00016157732109319775,0.07028304134411384,0.6498945540081619,0.8052422207482187,1.0,0.36621910763988713,0.18984502985081414,0.224358319001741,-0.012280637899593614,0.1109355458051738,-0.06225104998998555,-0.05766482776979541,-0.01861454854552892,-0.027793103419785064,0.04634526321036694,0.011518507580704447,,-0.04285181390534155,0.02741252669508348,-0.003249785721296858,-0.013388223030119856,0.025368993307503477,-0.023603272636974412,0.02750715433402361,-0.014062228083780711,-0.024790051490979022,0.021575984481759045,-0.030497840466647705,0.18942106666945158,0.29070771143868407,-0.014062228083780711,-0.014073780099304324,-0.030504907887595578,0.021580999221028383,0.02871898634260161,-0.01246251293572328,0.021575047517918215,-0.14160393300052132,-0.12421112669514296,0.0929517942286831
txn_min_amount_3d,0.0003165735846319209,-0.01989626019417838,0.15977560458043993,0.010810262646980227,0.0034121106989034255,0.0005682144025725024,-0.01099394457891667,0.009906453635169772,-0.010327122437816421,-0.006032951913336274,0.03948814624302716,0.1158876295402634,0.7560433794100069,0.36621910763988713,1.0,-0.09264422148814178,-0.12696759456437123,-0.006535875959723267,0.06995738004639135,-0.013177567985479819,0.020689586697638505,-0.07409448737992158,-0.020080163356321276,0.04473109527775775,0.017973946040020953,,-0.023804616098054954,-0.00944858005843025,0.006181969111944873,0.009481011861975945,-0.005702669562799408,0.013583362856642444,-0.011118208775197135,0.0006265867774047725,0.004085619025449828,-0.010585517548944172,0.004281507082180257,-0.07251753042383881,0.005265269372548554,0.0006265867774047725,0.0006174286735246285,0.00426543126996673,-0.010581896963871384,-0.0091655868209356,-0.0008481782683084222,-0.010585708766546683,0.017560726276786374,0.09058055474684211,-0.06331130094899481
txn_is_high_activity_3d,-0.0048854663712023265,-0.046134767824154876,-0.07716318794082164,-0.03751469694370963,0.010049862098110627,0.010964144643162933,0.041854972636277916,-0.022193858644709942,0.04525533220947978,0.023439284510277294,-0.007573741045613395,0.3396012550708292,-0.02994324177168895,0.18984502985081414,-0.09264422148814178,1.0,0.4366856161836186,-0.00882670591203563,-0.14113832765292386,-0.05202447181798559,-0.10263920214786203,0.3550345314964594,-0.040410473887993244,-0.12475100622543693,-0.06637839850327093,,-0.05440817226366278,0.026110312087609402,-0.03321130157275154,-0.036536935687498405,0.007304374765857083,-0.03173832858838129,0.03351780393596972,-0.040929935296244425,-0.0409516106167288,0.017528155588083502,-0.03379118778163796,0.3648918303023125,0.3408166592047629,-0.040929935296244425,-0.04093068040265294,-0.03378859217282506,0.01752844941277082,-0.0009369072886793673,-0.03949519084888365,0.017528394181204585,-0.15424406195395943,-0.2649331911228587,0.4618203404873536
txn_multi_channel_recent,-0.006734556175778904,-0.059888567145640496,-0.06783988274885064,-0.03679417512193589,0.0222166853356114,0.01834247442728224,0.04857394089981178,-0.03300777178737297,0.05024473293620668,0.031048770494212563,-0.013274983677165,0.22641642546310886,0.026512556588947415,0.224358319001741,-0.12696759456437123,0.4366856161836186,1.0,-0.013630567297179291,-0.12475979938997514,-0.047063571545865664,-0.08520013715013151,0.27881524170909083,0.012271987597360109,-0.09010087354559654,-0.06053856989681491,,-0.0171911148122692,0.07487981203253177,0.02015674977275801,-0.011284810908039674,0.10051147840208802,-0.05793049232741707,0.07680559939303885,0.0020613814510112237,-0.030680690739726506,0.09457072239108504,-0.06027577752502671,0.637113832271431,0.5004045698770574,0.0020613814510112237,0.002060415179059953,-0.06027302784106464,0.09457141535445157,0.11154303111580686,0.010488599119120165,0.09457072360750396,-0.283234899758564,-0.2709945943777541,0.23463628385494908
txn_amount_deviation_from_avg,-0.00010432959484860195,0.02212600777442215,0.03268511218233072,-0.0003614077070033404,0.00271469787966562,-0.001047291585220647,-0.001376714898685953,0.0027857234361706885,-0.0014296242990985933,-0.0030786724861940687,0.014578329894013291,-0.008033174985958865,-0.010923086151930023,-0.012280637899593614,-0.006535875959723267,-0.00882670591203563,-0.013630567297179291,1.0,0.004141656236846213,-0.00592310359029172,-0.0015046292663650422,-0.006639820128075581,-0.005239385756313755,0.003770091583375512,0.002905732166293544,,-0.008798921460176162,0.02654144711545406,0.10771713304166221,0.11254561871255062,0.057131846542725906,0.13573788770464362,0.017489341031844373,0.08897054298773716,0.09249872949900831,0.0435494391853664,0.10728977886355513,0.004950714103597545,0.0018320172304639012,0.08897054298773716,0.08897042897755948,0.10728982999266441,0.043549264167065636,0.0070352785040907855,0.08120312903661431,0.04354935304663389,0.0032446225517891785,0.003924044468905528,-0.0038271635252774302
channel_new_jc_app,-0.001487464277702498,-0.14108434550286103,0.15419660852245085,0.06902186689098162,-0.02108326440124689,-0.022901036586287813,-0.06900707575070149,0.0390934291633687,-0.07647964094854055,-0.04769747531579433,-0.13197113679965208,0.038830768928897905,0.1244111541198728,0.1109355458051738,0.06995738004639135,-0.14113832765292386,-0.12475979938997514,0.004141656236846213,1.0,-0.33222678654400806,-0.3164781178868182,-0.4769718625242094,-0.2604613835373323,0.3678444966955659,0.20324384319018804,,-0.22772251763014353,-0.029974834483539922,-0.04131163972130073,-0.03924661605297929,-0.03860607473319082,-0.04120989382963436,-0.03346275922770732,-0.0479641484945245,-0.04682292155064605,-0.04598638234640413,-0.045566314415632185,-0.2069906626517617,0.03905895837871316,-0.0479641484945245,-0.047964836841410556,-0.04556764053746973,-0.04598506023931124,-0.025470572354381278,-0.04482098246475323,-0.04598723989382914,0.02914603677662554,0.06567961282831451,-0.09364054011038153
channel_ussd,-0.0038519620813459447,-0.042010347968551236,-0.08857971301694335,-0.006417889822941415,0.005286554413766959,0.009044629837351168,-0.042897323843237946,0.008261180267841572,-0.04363889674077857,-0.02453187096109981,0.02955984032303929,-0.054224062509190284,-0.047396638228766705,-0.06225104998998555,-0.013177567985479819,-0.05202447181798559,-0.047063571545865664,-0.00592310359029172,-0.33222678654400806,1.0,-0.09425195108883669,-0.1420494059986181,-0.07756932373590106,-0.18919484639242082,-0.13627207695477428,,0.3136604506348241,-0.012273990581566212,-0.00935759637051321,-0.007383558975972321,-0.012771491013560333,-0.007513413889682286,-0.01397760908986089,-0.008835947516464151,-0.006367132136310534,-0.014261885184277711,-0.006695441497285098,-0.02188923586987263,-0.09615825710761365,-0.008835947516464151,-0.008834825904375157,-0.006695478371143981,-0.014262211400330824,-0.009942358021442006,-0.008434616070863616,-0.014262533467643173,-0.11166223425820714,0.058067278228701905,-0.035989924101603794
channel_ussd_api,-0.0007001564864027996,-0.04002904049314574,0.08259684918490103,0.019657180569050137,-6.833490248872602e-05,-0.003049330142923693,-0.07913449014362339,0.03471228644481012,-0.06690364114497296,-0.0414299024454769,-0.029298910173790188,-0.059750295480712326,-0.017525178409075654,-0.05766482776979541,0.020689586697638505,-0.10263920214786203,-0.08520013715013151,-0.0015046292663650422,-0.3164781178868182,-0.09425195108883669,1.0,-0.1353157857168379,-0.07389227652912114,0.1720611230253922,0.11058514899042685,,-0.11749964510612669,-0.008882142447639484,0.004314169125894372,0.007744519937825433,-0.005041416746222483,0.005721937107630806,-0.01134345998709975,0.007436207521534186,0.011452706125878212,-0.007049523359677681,0.006113665229016381,-0.09288483969360217,-0.15496670548971175,0.007436207521534186,0.007437011890717123,0.006112741337708257,-0.007049644600361174,-0.0037539121289240276,0.005683922267023193,-0.007049688531377322,0.16404272220231955,0.09384772172212495,-0.07447299970673778
channel_payment_gateway,0.007528708983842606,-0.06034407265655721,-0.14703486944041305,-0.059597725670843225,0.01617243517302855,0.02217376666907592,0.12291076262229335,-0.05226752171089876,0.11050433705777164,0.07370945383820003,-0.0635156554033369,0.06703702148123061,-0.07936656063808634,-0.01861454854552892,-0.07409448737992158,0.3550345314964594,0.27881524170909083,-0.006639820128075581,-0.4769718625242094,-0.1420494059986181,-0.1353157857168379,1.0,-0.11136484568848681,-0.2716235472837811,-0.16313254746885422,,-0.1770865706179585,0.012075320090559264,-0.011637656048805884,-0.019024070496096973,0.018958564478693502,-0.01613688791270876,0.017940750058014536,-0.016246381449847087,-0.023058544034440485,0.028972332076200116,-0.017885200738078536,0.3032850282505596,0.2052293035668095,-0.016246381449847087,-0.016247149091641024,-0.01788335559643135,0.028971445051225137,0.018552234933618433,-0.01724633686950658,0.028973807782171714,-0.04822585428901279,-0.19201081542634257,0.22104790297101265
channel_mobile_app,-0.0030198870581069895,-0.032949754337332555,-0.1042828907035691,-0.058615906019474424,0.006453703315023434,0.014524739711866193,0.025621238837907588,-0.01062481665355744,0.03255701247358015,0.013326983873003418,-0.048075792486872375,-0.03411083534706034,-0.02824700683019392,-0.027793103419785064,-0.020080163356321276,-0.040410473887993244,0.012271987597360109,-0.005239385756313755,-0.2604613835373323,-0.07756932373590106,-0.07389227652912114,-0.11136484568848681,1.0,-0.14832624413617299,-0.10624608118506813,,0.6282397534013143,-0.012358128804118408,-0.01530820736316564,-0.013587369954238527,-0.01434734875304805,-0.014109614771965023,-0.014913053207316264,-0.017889796923641958,-0.015646501250818068,-0.01771502205886757,-0.014333409187769333,0.07636670119445749,-0.014928546316604743,-0.017889796923641958,-0.01788928838414724,-0.014332859193071692,-0.01771522658141894,-0.012235236049725817,-0.013565356054848926,-0.017715479493490872,-0.2007779916659843,0.020280054803700435,-0.028303570476315744
type_transfer_c2c,0.005572885463891715,-0.08034937139546024,0.07536508915290506,0.07400408147642383,-0.0009968782473965586,-0.013053213466062768,-0.08789743079095237,0.03857818412915768,-0.0926863649444954,-0.04523613342655898,-0.30556600706277576,-0.009207991596324898,0.06777579619102503,0.04634526321036694,0.04473109527775775,-0.12475100622543693,-0.09010087354559654,0.003770091583375512,0.3678444966955659,-0.18919484639242082,0.1720611230253922,-0.2716235472837811,-0.14832624413617299,1.0,-0.2605762739940296,,-0.23586065911850265,-0.022411535671180857,-0.021206618124655834,-0.01748901526006765,-0.025566616608018743,-0.0178503638218716,-0.026752549523749662,-0.028201085973828876,-0.024828108796028855,-0.0328696966096812,-0.02277029481771289,-0.13714125818480202,-0.07565185481528486,-0.028201085973828876,-0.02819685224243709,-0.022769591857531208,-0.03286779279700354,-0.021819413820521195,-0.02795815675475079,-0.03287028537347068,0.02481491060675828,0.06700700597083586,-0.10057446231617855
type_transfer_c2b,-0.005305270972558753,-0.05787076201781849,0.11126377875811738,0.0037193490028339456,-0.013965770743834321,-0.012255331521922253,-0.030637147050636943,0.0386620313974946,-0.019099261853709658,-0.020043923636082307,0.07258178520403745,-0.0015110000075980441,0.022359210735596505,0.011518507580704447,0.017973946040020953,-0.06637839850327093,-0.06053856989681491,0.002905732166293544,0.20324384319018804,-0.13627207695477428,0.11058514899042685,-0.16313254746885422,-0.10624608118506813,-0.2605762739940296,1.0,,-0.16988423576471937,-0.009280390450056426,-0.010898729351533588,-0.010955201721621339,-0.009026500984889529,-0.014510353217763405,-0.010228400179565843,-0.00749848246732422,-0.008615970342816125,-0.008770486537286912,-0.012309118868856177,-0.09234797860643115,-0.04660717286091644,-0.00749848246732422,-0.007501036067234459,-0.012310599692940691,-0.008771000188679582,6.900607543205277e-06,-0.008132766518938165,-0.008769642459659832,0.22315377747208495,0.017971188701462627,-0.05008762584985589
type_bill_payment,,,,,,,,,,,,,,,,,,,,,,,,,,,,,,,,,,,,,,,,,,,,,,,,,
type_mobile_load,-0.002400013000842291,-0.052392627783529835,-0.1721968889314066,-0.0641488068074155,0.01292176326690599,0.023138543461053755,0.004529730813370767,-0.010286622661855553,0.008271040108080056,0.0034317672421753653,-0.03431057646518496,-0.051395907479274416,-0.04343073964172199,-0.04285181390534155,-0.023804616098054954,-0.05440817226366278,-0.0171911148122692,-0.008798921460176162,-0.22772251763014353,0.3136604506348241,-0.11749964510612669,-0.1770865706179585,0.6282397534013143,-0.23586065911850265,-0.16988423576471937,,1.0,-0.019684100618156872,-0.02346507932659894,-0.02068072257481777,-0.023654076444492404,-0.021020323602158802,-0.022341817660054258,-0.025994027866232516,-0.02229046145158385,-0.027698552189430205,-0.020302249639730357,0.03624045922665149,-0.042598639050977126,-0.025994027866232516,-0.025992799441687107,-0.0203014991066875,-0.027698743045308102,-0.019630315751982555,-0.02155874902902723,-0.02769956263827293,-0.31629742342254213,0.047823313427591434,-0.0429661482689784
user_total_amount_3d,-0.0011806478675274127,0.14724782494994604,-0.003352045280257494,-0.00266407246507319,0.0037773482684117492,0.0006675901553727986,0.010127962967791775,-0.007599209010371395,0.007504517641550103,0.0022642209442243558,0.08994438252472739,0.028808806446573708,0.01139004317594047,0.02741252669508348,-0.00944858005843025,0.026110312087609402,0.07487981203253177,0.02654144711545406,-0.029974834483539922,-0.012273990581566212,-0.008882142447639484,0.012075320090559264,-0.012358128804118408,-0.022411535671180857,-0.009280390450056426,,-0.019684100618156872,1.0,0.6571162798548983,0.5038667920279032,0.7987905187847543,0.3199467924812285,0.8532854468880097,0.523809003637475,0.3911186548463959,0.6335615487131396,0.2128044319178154,0.061989663868581575,0.03938843047225456,0.523809003637475,0.5238089830889309,0.2128042710685799,0.6335613788147614,0.6030759136659548,0.5450177729551132,0.6335614908312173,0.012320401885994203,-0.025512286118598085,0.01245617153779554
user_avg_amount_3d,-0.0014442634400551042,0.2174277639426188,0.003990883601671958,0.0029126987787022993,0.006683381317083491,0.002447505060477839,0.00717331784358332,-0.006359392313962024,0.001687031783878857,0.0016424569708014273,0.13418651459583236,-0.011135746309854403,0.00675998220442623,-0.003249785721296858,0.006181969111944873,-0.03321130157275154,0.02015674977275801,0.10771713304166221,-0.04131163972130073,-0.00935759637051321,0.004314169125894372,-0.011637656048805884,-0.01530820736316564,-0.021206618124655834,-0.010898729351533588,,-0.02346507932659894,0.6571162798548983,1.0,0.9399107771870512,0.821768689624582,0.8343255119695504,0.5507821830536319,0.7896709495861144,0.7146089803208339,0.651056486894819,0.57479303102127,0.044307479078436456,0.010965604356476429,0.7896709495861144,0.7896710076570254,0.5747925368086659,0.6510562073792294,0.5284051300117867,0.7785900307553433,0.6510565249542712,0.036557622749220094,0.007322957758470308,-0.01657929873986901
user_median_amount_3d,-0.001227649758896934,0.21242865754120943,0.006334120682408678,0.0036834356919996304,0.00442950525109603,0.002111757984759325,0.005137973126265264,-0.005338855299144791,0.00013073449407491957,0.0017193380352206159,0.1319641628234573,-0.018935868539885915,0.0021079873729952766,-0.013388223030119856,0.009481011861975945,-0.036536935687498405,-0.011284810908039674,0.11254561871255062,-0.03924661605297929,-0.007383558975972321,0.007744519937825433,-0.019024070496096973,-0.013587369954238527,-0.01748901526006765,-0.010955201721621339,,-0.02068072257481777,0.5038667920279032,0.9399107771870512,1.0,0.63306102197699,0.868889614452295,0.41379097419144295,0.7416504817948595,0.7491065989371328,0.5030572522691833,0.5991647271106415,0.026924045574439854,-0.0033454008949111227,0.7416504817948595,0.741650557004798,0.599164168661874,0.5030569496927525,0.3578376829417747,0.7161415661337093,0.503057325636319,0.04525196847335484,0.016517570744360607,-0.019794225822320835
user_max_amount_3d,-0.0015786877660241164,0.1709712821075665,-0.002059459605234593,-0.0036038392446641246,0.008443073245308413,0.0037813116891473814,0.01407397698397459,-0.008854745181518653,0.009335643186782086,0.0034232077057765875,0.09504125145307518,0.01956594567215273,0.014532348231086253,0.025368993307503477,-0.005702669562799408,0.007304374765857083,0.10051147840208802,0.057131846542725906,-0.03860607473319082,-0.012771491013560333,-0.005041416746222483,0.018958564478693502,-0.01434734875304805,-0.025566616608018743,-0.009026500984889529,,-0.023654076444492404,0.7987905187847543,0.821768689624582,0.63306102197699,1.0,0.469002932330292,0.6985049375851613,0.6578846312228055,0.4789377153857392,0.7956052737710615,0.32227283046557653,0.0791417848495542,0.048143847601890825,0.6578846312228055,0.6578846068025181,0.3222724899950486,0.7956051665947881,0.7406738072114137,0.6829137496157119,0.7956052459971216,0.005159718072694576,-0.02176165645400029,0.007180566164071275
user_min_amount_3d,-0.0010231970648363444,0.19271070450731204,0.0025919588330854766,0.0055666528240308705,0.004824746870075555,0.002192706930934389,0.0013913473087948615,-0.003703467275530973,-0.002695088054023569,0.0009456117125764541,0.13337081918137053,-0.0224895065072974,-0.005695914506942779,-0.023603272636974412,0.013583362856642444,-0.03173832858838129,-0.05793049232741707,0.13573788770464362,-0.04120989382963436,-0.007513413889682286,0.005721937107630806,-0.01613688791270876,-0.014109614771965023,-0.0178503638218716,-0.014510353217763405,,-0.021020323602158802,0.3199467924812285,0.8343255119695504,0.868889614452295,0.469002932330292,1.0,0.2591492099735182,0.6589096434363653,0.6776989039183121,0.3694982598555655,0.6886787855902199,0.009144760144621976,-0.018199901708108368,0.6589096434363653,0.6589097442396874,0.6886786139071167,0.36949800843755426,0.15792034051385262,0.613515534318758,0.36949836375379735,0.050488500054216214,0.024565871352545485,-0.018498452511910325
user_total_amount_7d,-0.0014884089341044373,0.1696273708636812,-0.006308553695443961,-0.003517041474235531,0.002674120016619421,0.0032344263203187983,0.009583544735482823,-0.006620058664252317,0.00842176590373509,0.0025368088320180944,0.09427129366338084,0.03145979025570251,0.009244778703098838,0.02750715433402361,-0.011118208775197135,0.03351780393596972,0.07680559939303885,0.017489341031844373,-0.03346275922770732,-0.01397760908986089,-0.01134345998709975,0.017940750058014536,-0.014913053207316264,-0.026752549523749662,-0.010228400179565843,,-0.022341817660054258,0.8532854468880097,0.5507821830536319,0.41379097419144295,0.6985049375851613,0.2591492099735182,1.0,0.5980887330490804,0.41873006669200324,0.7818502289900439,0.23772082475681858,0.08297032706491411,0.05520732722953032,0.5980887330490804,0.5980886754939534,0.23772067969020616,0.781850103279408,0.7336804533714337,0.615943471187224,0.7818501684283485,0.006885497379769085,-0.02000263119855216,0.014704939650077232
user_avg_amount_7d,-0.001737780957774194,0.2683284971588872,0.0010647608645444231,0.004923041559596156,0.003355569638349629,0.004083711792279781,0.00396774828542794,-0.004625002426825277,0.00039595587970593594,0.0026814962494053907,0.15270756571736863,-0.0183241817798257,-0.0029226748584186306,-0.014062228083780711,0.0006265867774047725,-0.040929935296244425,0.0020613814510112237,0.08897054298773716,-0.0479641484945245,-0.008835947516464151,0.007436207521534186,-0.016246381449847087,-0.017889796923641958,-0.028201085973828876,-0.00749848246732422,,-0.025994027866232516,0.523809003637475,0.7896709495861144,0.7416504817948595,0.6578846312228055,0.6589096434363653,0.5980887330490804,1.0,0.9239150632386327,0.764068496126251,0.8150854518496723,0.0445781785168235,0.0029690937905887563,1.0,0.9999999990939973,0.8150848326714757,0.7640681732871596,0.5641720906129828,0.9731627880097861,0.764068557409924,0.049742667655655194,0.05435210305199657,-0.025275998546792466
user_median_amount_7d,-0.001349487849527357,0.2574874654158658,0.003765511460388519,0.00526263929049006,0.0013158796315981324,0.002488317947721117,0.002860376905544225,-0.004020745714605396,-0.0006389009175632259,0.0037046987598075747,0.15147925105388685,-0.024716664959722755,-0.00860947557455011,-0.024790051490979022,0.004085619025449828,-0.0409516106167288,-0.030680690739726506,0.09249872949900831,-0.04682292155064605,-0.006367132136310534,0.011452706125878212,-0.023058544034440485,-0.015646501250818068,-0.024828108796028855,-0.008615970342816125,,-0.02229046145158385,0.3911186548463959,0.7146089803208339,0.7491065989371328,0.4789377153857392,0.6776989039183121,0.41873006669200324,0.9239150632386327,1.0,0.5336201588304256,0.8518043578097048,0.015096149570779609,-0.020614728697487737,0.9239150632386325,0.9239151201886278,0.851803645978619,0.5336198149692111,0.29291969026418696,0.8699110254912761,0.5336202550587024,0.06473024963880569,0.06627129288942629,-0.026181112909003094
user_max_amount_7d,-0.0020699573802380575,0.19446658692496324,-0.007432584161689997,-0.0020375667818684044,0.004323536577854918,0.005048181468150765,0.012400484651041616,-0.008061001909041712,0.009228475607889424,0.003999408712955164,0.09939451903845213,0.02066450510188621,0.00876068006099981,0.021575984481759045,-0.010585517548944172,0.017528155588083502,0.09457072239108504,0.0435494391853664,-0.04598638234640413,-0.014261885184277711,-0.007049523359677681,0.028972332076200116,-0.01771502205886757,-0.0328696966096812,-0.008770486537286912,,-0.027698552189430205,0.6335615487131396,0.651056486894819,0.5030572522691833,0.7956052737710615,0.3694982598555655,0.7818502289900439,0.764068496126251,0.5336201588304256,1.0,0.38917832549009895,0.10887156538089272,0.06898945017287848,0.764068496126251,0.7640683211531424,0.3891779955159183,0.9999999998181934,0.9056722038893114,0.7908236831360089,0.9999999991667167,-0.0029152011376318474,-0.006017469553935316,0.00958990483574004
user_min_amount_7d,-0.0010611593024755113,0.2290571256226137,0.00038618465913585557,0.007128098550475399,0.0015481250219963687,0.0019281753530051295,-0.0021926294575135134,-0.0005629179697404831,-0.0046619349752533715,0.0023652846243174975,0.14445009299361436,-0.02547008530189788,-0.015179929206250055,-0.030497840466647705,0.004281507082180257,-0.03379118778163796,-0.06027577752502671,0.10728977886355513,-0.045566314415632185,-0.006695441497285098,0.006113665229016381,-0.017885200738078536,-0.014333409187769333,-0.02277029481771289,-0.012309118868856177,,-0.020302249639730357,0.2128044319178154,0.57479303102127,0.5991647271106415,0.32227283046557653,0.6886787855902199,0.23772082475681858,0.8150854518496723,0.8518043578097048,0.38917832549009895,1.0,-0.007942682351306237,-0.03907148545391922,0.8150854518496724,0.8150854742078535,0.9999999992908751,0.3891780194835002,0.038913608791816295,0.7430685098691566,0.38917842855570306,0.06750200083008222,0.07285830120483798,-0.02233111657383559
user_channel_diversity_score_7d,-0.0006905509581660383,-0.05347990979677862,-0.08907742140241319,-0.03385826764489156,0.009638575994259869,0.011165041220779203,0.057055902069878865,-0.04199087201173593,0.05595733174302835,0.031333371195040996,0.01452448255889917,0.1903691141765205,0.043295637134769915,0.18942106666945158,-0.07251753042383881,0.3648918303023125,0.637113832271431,0.004950714103597545,-0.2069906626517617,-0.02188923586987263,-0.09288483969360217,0.3032850282505596,0.07636670119445749,-0.13714125818480202,-0.09234797860643115,,0.03624045922665149,0.061989663868581575,0.044307479078436456,0.026924045574439854,0.0791417848495542,0.009144760144621976,0.08297032706491411,0.0445781785168235,0.015096149570779609,0.10887156538089272,-0.007942682351306237,1.0,0.7213958451534024,0.044578178516823476,0.04457669860256069,-0.007940372531431959,0.10887238801062918,0.11014564822734164,0.04907084037440268,0.10887104758895323,-0.41229499076074155,-0.20320242826203266,0.21808449831120963
user_type_diversity_score_7d,-0.0012147510800665934,-0.10890926165853015,-0.031756010885631944,-0.015495038124633336,0.0018414276136142613,0.008523174745189795,0.03689283473068834,-0.028694985081009403,0.033967152106282046,0.020071061893494897,0.01590301197330919,0.24134928429305227,0.1617451762497269,0.29070771143868407,0.005265269372548554,0.3408166592047629,0.5004045698770574,0.0018320172304639012,0.03905895837871316,-0.09615825710761365,-0.15496670548971175,0.2052293035668095,-0.014928546316604743,-0.07565185481528486,-0.04660717286091644,,-0.042598639050977126,0.03938843047225456,0.010965604356476429,-0.0033454008949111227,0.048143847601890825,-0.018199901708108368,0.05520732722953032,0.0029690937905887563,-0.020614728697487737,0.06898945017287848,-0.03907148545391922,0.7213958451534024,1.0,0.0029690937905887515,0.0029658560659375907,-0.03907087994021489,0.06899131051307135,0.07856070020387333,0.008625472838242203,0.06898817314638342,-0.5106628661097143,-0.15079423536995562,0.21286120212624365
user_avg_start_balance_7d,-0.001737780957774194,0.2683284971588872,0.0010647608645444231,0.004923041559596156,0.003355569638349629,0.004083711792279781,0.00396774828542794,-0.004625002426825277,0.00039595587970593594,0.0026814962494053907,0.15270756571736863,-0.0183241817798257,-0.0029226748584186306,-0.014062228083780711,0.0006265867774047725,-0.040929935296244425,0.0020613814510112237,0.08897054298773716,-0.0479641484945245,-0.008835947516464151,0.007436207521534186,-0.016246381449847087,-0.017889796923641958,-0.028201085973828876,-0.00749848246732422,,-0.025994027866232516,0.523809003637475,0.7896709495861144,0.7416504817948595,0.6578846312228055,0.6589096434363653,0.5980887330490804,1.0,0.9239150632386325,0.764068496126251,0.8150854518496724,0.044578178516823476,0.0029690937905887515,1.0,0.9999999990939973,0.8150848326714757,0.7640681732871596,0.5641720906129828,0.9731627880097861,0.764068557409924,0.049742667655655194,0.05435210305199657,-0.025275998546792466
user_avg_end_balance_7d,-0.0017377439355986612,0.2683287551661343,0.0010604634595379578,0.004923222659870772,0.0033555723965154522,0.0040836469287855465,0.003967206124813214,-0.004624920976681506,0.0003952636266469379,0.002681140333548775,0.152705115158412,-0.01833319294539948,-0.002936585446150225,-0.014073780099304324,0.0006174286735246285,-0.04093068040265294,0.002060415179059953,0.08897042897755948,-0.047964836841410556,-0.008834825904375157,0.007437011890717123,-0.016247149091641024,-0.01788928838414724,-0.02819685224243709,-0.007501036067234459,,-0.025992799441687107,0.5238089830889309,0.7896710076570254,0.741650557004798,0.6578846068025181,0.6589097442396874,0.5980886754939534,0.9999999990939973,0.9239151201886278,0.7640683211531424,0.8150854742078535,0.04457669860256069,0.0029658560659375907,0.9999999990939973,1.0,0.8150848559913643,0.7640679986430466,0.5641719459362705,0.9731627555566494,0.7640683824248853,0.049739407266284404,0.05435123510373071,-0.025276148632602857
user_min_balance_7d,-0.0010612647236783851,0.22905757110045213,0.00038137845508117086,0.007127989092280735,0.0015481637550908642,0.0019281655093200782,-0.0021923544046347585,-0.0005632129500876318,-0.004661856439653411,0.002365439915864213,0.14444813094847214,-0.02547266281359727,-0.015193602634584897,-0.030504907887595578,0.00426543126996673,-0.03378859217282506,-0.06027302784106464,0.10728982999266441,-0.04556764053746973,-0.006695478371143981,0.006112741337708257,-0.01788335559643135,-0.014332859193071692,-0.022769591857531208,-0.012310599692940691,,-0.0203014991066875,0.2128042710685799,0.5747925368086659,0.599164168661874,0.3222724899950486,0.6886786139071167,0.23772067969020616,0.8150848326714757,0.851803645978619,0.3891779955159183,0.9999999992908751,-0.007940372531431959,-0.03907087994021489,0.8150848326714757,0.8150848559913643,1.0,0.3891776895297376,0.0389129835051114,0.7430679655738316,0.3891780985952922,0.0674995153372852,0.07285204685955014,-0.022329215542385344
user_max_balance_7d,-0.002069987580847765,0.19446597848865066,-0.007430743370421173,-0.00203739324079233,0.0043234435123252505,0.005048102121550669,0.012400136163919596,-0.008060838827892837,0.00922815129742298,0.003999193320590458,0.09939453132864712,0.020667056338440834,0.008765770361374286,0.021580999221028383,-0.010581896963871384,0.01752844941277082,0.09457141535445157,0.043549264167065636,-0.04598506023931124,-0.014262211400330824,-0.007049644600361174,0.028971445051225137,-0.01771522658141894,-0.03286779279700354,-0.008771000188679582,,-0.027698743045308102,0.6335613788147614,0.6510562073792294,0.5030569496927525,0.7956051665947881,0.36949800843755426,0.781850103279408,0.7640681732871596,0.5336198149692111,0.9999999998181934,0.3891780194835002,0.10887238801062918,0.06899131051307135,0.7640681732871596,0.7640679986430466,0.3891776895297376,1.0,0.9056722182158529,0.7908233611942188,0.9999999990089864,-0.0029173683765234652,-0.006016783150450014,0.009589797026518597
user_balance_volatility_7d,-0.0017744309738467,0.12921639600700818,-0.00446310441119727,-0.00212573893441732,0.004487283199450975,0.005199938340256163,0.011815032566743182,-0.007690826345964469,0.00869333649274658,0.0019575204624231895,0.055569832841107926,0.016917599848347904,0.017361202769577467,0.02871898634260161,-0.0091655868209356,-0.0009369072886793673,0.11154303111580686,0.0070352785040907855,-0.025470572354381278,-0.009942358021442006,-0.0037539121289240276,0.018552234933618433,-0.012235236049725817,-0.021819413820521195,6.900607543205277e-06,,-0.019630315751982555,0.6030759136659548,0.5284051300117867,0.3578376829417747,0.7406738072114137,0.15792034051385262,0.7336804533714337,0.5641720906129828,0.29291969026418696,0.9056722038893114,0.038913608791816295,0.11014564822734164,0.07856070020387333,0.5641720906129828,0.5641719459362705,0.0389129835051114,0.9056722182158529,1.0,0.6264660854715941,0.9056721623996382,-0.024081235577856235,-0.021728670182902924,-0.0007102590142235468
user_avg_amount_per_recipient_7d,-0.001724502491057967,0.2753398692502489,0.00018922593360247726,0.0038614795904402246,0.003958438695712921,0.004640333975454751,0.0036245897249488983,-0.004537139548339402,0.0009402608003564942,0.0024293685123378344,0.1440283343504559,-0.01748117153184806,-0.003140714717988108,-0.01246251293572328,-0.0008481782683084222,-0.03949519084888365,0.010488599119120165,0.08120312903661431,-0.04482098246475323,-0.008434616070863616,0.005683922267023193,-0.01724633686950658,-0.013565356054848926,-0.02795815675475079,-0.008132766518938165,,-0.02155874902902723,0.5450177729551132,0.7785900307553433,0.7161415661337093,0.6829137496157119,0.613515534318758,0.615943471187224,0.9731627880097861,0.8699110254912761,0.7908236831360089,0.7430685098691566,0.04907084037440268,0.008625472838242203,0.9731627880097861,0.9731627555566494,0.7430679655738316,0.7908233611942188,0.6264660854715941,1.0,0.790823719123479,0.0406431758160274,0.04876527157286243,-0.0238496970671968
user_max_amount_to_single_recipient_7d,-0.0020703740652673205,0.194467025992321,-0.007434933175405961,-0.002037547020945925,0.004323287138072236,0.005047975450989072,0.012400773356835688,-0.008061387093503803,0.009228794348789624,0.003999424208287079,0.09939274318580617,0.02066320904067379,0.008759954983991944,0.021575047517918215,-0.010585708766546683,0.017528394181204585,0.09457072360750396,0.04354935304663389,-0.04598723989382914,-0.014262533467643173,-0.007049688531377322,0.028973807782171714,-0.017715479493490872,-0.03287028537347068,-0.008769642459659832,,-0.02769956263827293,0.6335614908312173,0.6510565249542712,0.503057325636319,0.7956052459971216,0.36949836375379735,0.7818501684283485,0.764068557409924,0.5336202550587024,0.9999999991667167,0.38917842855570306,0.10887104758895323,0.06898817314638342,0.764068557409924,0.7640683824248853,0.3891780985952922,0.9999999990089864,0.9056721623996382,0.790823719123479,1.0,-0.002911874048000105,-0.006018836114949557,0.00958927532513681
user_recipient_concentration_ratio_7d,0.003215717142954946,0.1443493549838539,0.09951235424240663,0.020492856822908793,-0.0005280247604091398,-0.005566168990404017,-0.011626405726196335,0.023445776784784895,-0.0068572049918998275,-0.0014317431544811263,0.06257420133786644,-0.10062553277626658,-0.0640677790297025,-0.14160393300052132,0.017560726276786374,-0.15424406195395943,-0.283234899758564,0.0032446225517891785,0.02914603677662554,-0.11166223425820714,0.16404272220231955,-0.04822585428901279,-0.2007779916659843,0.02481491060675828,0.22315377747208495,,-0.31629742342254213,0.012320401885994203,0.036557622749220094,0.04525196847335484,0.005159718072694576,0.050488500054216214,0.006885497379769085,0.049742667655655194,0.06473024963880569,-0.0029152011376318474,0.06750200083008222,-0.41229499076074155,-0.5106628661097143,0.049742667655655194,0.049739407266284404,0.0674995153372852,-0.0029173683765234652,-0.024081235577856235,0.0406431758160274,-0.002911874048000105,1.0,0.016181949304922196,-0.09823665229183252
user_avg_time_between_txns_7d,-0.0015015073273284127,-0.010421070693265007,0.031113943113185348,0.05043521549101734,-0.007074477995889381,-0.0020115667104925222,-0.03282099213805334,0.0013835582548598936,-0.04869659306687204,-0.022212214413912745,-0.0031260101104158985,-0.14649178254265446,-0.006954104363844989,-0.12421112669514296,0.09058055474684211,-0.2649331911228587,-0.2709945943777541,0.003924044468905528,0.06567961282831451,0.058067278228701905,0.09384772172212495,-0.19201081542634257,0.020280054803700435,0.06700700597083586,0.017971188701462627,,0.047823313427591434,-0.025512286118598085,0.007322957758470308,0.016517570744360607,-0.02176165645400029,0.024565871352545485,-0.02000263119855216,0.05435210305199657,0.06627129288942629,-0.006017469553935316,0.07285830120483798,-0.20320242826203266,-0.15079423536995562,0.05435210305199657,0.05435123510373071,0.07285204685955014,-0.006016783150450014,-0.021728670182902924,0.04876527157286243,-0.006018836114949557,0.016181949304922196,1.0,-0.22824382145642624
user_txn_frequency_score_7d,-0.001288796448124933,-0.02815192355059678,-0.06148635700028175,-0.02075964413124551,0.0070187086738355015,0.00924375010029099,0.03031451475064384,-0.0072814086379688345,0.02658722292991707,0.021860485504098057,0.006909233766296858,0.29498649923630527,-0.03740956332798567,0.0929517942286831,-0.06331130094899481,0.4618203404873536,0.23463628385494908,-0.0038271635252774302,-0.09364054011038153,-0.035989924101603794,-0.07447299970673778,0.22104790297101265,-0.028303570476315744,-0.10057446231617855,-0.05008762584985589,,-0.0429661482689784,0.01245617153779554,-0.01657929873986901,-0.019794225822320835,0.007180566164071275,-0.018498452511910325,0.014704939650077232,-0.025275998546792466,-0.026181112909003094,0.00958990483574004,-0.02233111657383559,0.21808449831120963,0.21286120212624365,-0.025275998546792466,-0.025276148632602857,-0.022329215542385344,0.009589797026518597,-0.0007102590142235468,-0.0238496970671968,0.00958927532513681,-0.09823665229183252,-0.22824382145642624,1.0
