Table Name,Column Name
stixor_locations,login_time
stixor_locations,login_time
stixor_locations,msisdn
stixor_locations,city_name
stixor_locations,msisdn
stixor_locations,city_name
stixor_mbar_v,dormant_date
stixor_mbar_v,re_active_date
stixor_mbar_v,dormant_date
stixor_mbar_v,re_active_date
stixor_mbar_v,registered_date_time
stixor_mbar_v,year_of_birth
stixor_mbar_v,registered_date_time
stixor_mbar_v,last_modified_date_time
stixor_mbar_v,year_of_birth
stixor_mbar_v,last_modified_date_time
stixor_mbar_v,debit_dl_ml_yl
stixor_mbar_v,place_of_birth
stixor_mbar_v,account_type_name
stixor_mbar_v,mpin_status
stixor_mbar_v,filer
stixor_mbar_v,prov
stixor_mbar_v,year_mdob
stixor_mbar_v,gmsisdn
stixor_mbar_v,trust_level
stixor_mbar_v,a_c_reference
stixor_mbar_v,region
stixor_mbar_v,city
stixor_mbar_v,registered_channel
stixor_mbar_v,a_c_status
stixor_mbar_v,a_c_level
stixor_mbar_v,agent_group
stixor_mbar_v,limit_group
stixor_mbar_v,charge_profile
stixor_mbar_v,credit_dl_ml_yl
stixor_mbar_v,debit_dl_ml_yl
stixor_mbar_v,place_of_birth
stixor_mbar_v,account_type_name
stixor_mbar_v,mpin_status
stixor_mbar_v,filer
stixor_mbar_v,prov
stixor_mbar_v,year_mdob
stixor_mbar_v,gmsisdn
stixor_mbar_v,a_c_reference
stixor_mbar_v,trust_level
stixor_mbar_v,region
stixor_mbar_v,city
stixor_mbar_v,registered_channel
stixor_mbar_v,a_c_status
stixor_mbar_v,a_c_level
stixor_mbar_v,agent_group
stixor_mbar_v,limit_group
stixor_mbar_v,charge_profile
stixor_mbar_v,credit_dl_ml_yl
stixor_iar,data_date
stixor_iar,trans_initiate_time
stixor_iar,start_balance
stixor_iar,trx_amt
stixor_iar,end_balance
stixor_iar,fee
stixor_iar,fed
stixor_iar,data_date
stixor_iar,trans_initiate_time
stixor_iar,start_balance
stixor_iar,trx_amt
stixor_iar,end_balance
stixor_iar,fee
stixor_iar,fed
stixor_iar,pur_of_remit
stixor_iar,utility_company
stixor_iar,reason_type
stixor_iar,pur_of_remit
stixor_iar,ec
stixor_iar,merchant_id
stixor_iar,bill_ref_number
stixor_iar,trans_id
stixor_iar,ec
stixor_iar,customer_msisdn
stixor_iar,trx_channel
stixor_iar,trx_type
stixor_iar,trx_status
stixor_iar,trans_id
stixor_iar,ac_from
stixor_iar,customer_msisdn
stixor_iar,trx_channel
stixor_iar,trx_type
stixor_iar,trx_status
stixor_iar,ac_from
stixor_iar,ac_to
stixor_iar,ac_to
stixor_iar,merchant_id
stixor_iar,reason_type
stixor_iar,utility_company
stixor_iar,bill_ref_number
iar_temp,data_date
iar_temp,trans_initiate_time
iar_temp,start_balance
iar_temp,trx_amt
iar_temp,end_balance
iar_temp,fee
iar_temp,fed
iar_temp,ac_from
iar_temp,ac_to
iar_temp,merchant_id
iar_temp,reason_type
iar_temp,pur_of_remit
iar_temp,utility_company
iar_temp,bill_ref_number
iar_temp,trans_id
iar_temp,ec
iar_temp,customer_msisdn
iar_temp,trx_channel
iar_temp,trx_type
iar_temp,trx_status
stixor_locations_jul,login_time
stixor_locations_jul,msisdn
stixor_locations_jul,city_name
stixor_iar_jul_fraud_only,start_balance
stixor_iar_jul_fraud_only,trx_amt
stixor_iar_jul_fraud_only,end_balance
stixor_iar_jul_fraud_only,resolved_datetime
stixor_iar_jul_fraud_only,transaction_datetime
stixor_iar_jul_fraud_only,fee
stixor_iar_jul_fraud_only,fed
stixor_iar_jul_fraud_only,data_date
stixor_iar_jul_fraud_only,trans_initiate_time
stixor_iar_jul_fraud_only,trx_amount
stixor_iar_jul_fraud_only,created_datetime
stixor_iar_jul_fraud_only,utility_company
stixor_iar_jul_fraud_only,bill_ref_number
stixor_iar_jul_fraud_only,reason_type
stixor_iar_jul_fraud_only,pur_of_remit
stixor_iar_jul_fraud_only,ec
stixor_iar_jul_fraud_only,complaint_num
stixor_iar_jul_fraud_only,merchant_id
stixor_iar_jul_fraud_only,trans_id
stixor_iar_jul_fraud_only,complaint_msisdn
stixor_iar_jul_fraud_only,fraud_msisdn
stixor_iar_jul_fraud_only,victim_msisdn
stixor_iar_jul_fraud_only,ac_from
stixor_iar_jul_fraud_only,ac_to
stixor_iar_jul_fraud_only,trx_channel
stixor_iar_jul_fraud_only,trx_type
stixor_iar_jul_fraud_only,customer_msisdn
stixor_iar_jul_fraud_only,trx_status
fraud,trx_amount
fraud,created_datetime
fraud,resolved_datetime
fraud,transaction_datetime
fraud,victim_msisdn
fraud,ac_from
fraud,complaint_num
fraud,trx_channel
fraud,trx_type
fraud,ac_to
fraud,trans_id
fraud,complaint_msisdn
fraud,fraud_msisdn
stixor_iar_jul_non_fraud_only,fed
stixor_iar_jul_non_fraud_only,trx_amt
stixor_iar_jul_non_fraud_only,end_balance
stixor_iar_jul_non_fraud_only,victim_registered_date_time
stixor_iar_jul_non_fraud_only,victim_year_of_birth
stixor_iar_jul_non_fraud_only,fraudster_year_of_birth
stixor_iar_jul_non_fraud_only,fraudster_last_modified_date_time
stixor_iar_jul_non_fraud_only,fraudster_dormant_date
stixor_iar_jul_non_fraud_only,fraudster_re_active_date
stixor_iar_jul_non_fraud_only,victim_last_modified_date_time
stixor_iar_jul_non_fraud_only,victim_dormant_date
stixor_iar_jul_non_fraud_only,victim_re_active_date
stixor_iar_jul_non_fraud_only,trans_initiate_time
stixor_iar_jul_non_fraud_only,fraudster_registered_date_time
stixor_iar_jul_non_fraud_only,start_balance
stixor_iar_jul_non_fraud_only,fee
stixor_iar_jul_non_fraud_only,data_date
stixor_iar_jul_non_fraud_only,victim_registered_channel
stixor_iar_jul_non_fraud_only,victim_a_c_status
stixor_iar_jul_non_fraud_only,victim_a_c_level
stixor_iar_jul_non_fraud_only,victim_agent_group
stixor_iar_jul_non_fraud_only,victim_limit_group
stixor_iar_jul_non_fraud_only,victim_charge_profile
stixor_iar_jul_non_fraud_only,victim_credit_dl_ml_yl
stixor_iar_jul_non_fraud_only,victim_debit_dl_ml_yl
stixor_iar_jul_non_fraud_only,victim_place_of_birth
stixor_iar_jul_non_fraud_only,victim_account_type_name
stixor_iar_jul_non_fraud_only,victim_mpin_status
stixor_iar_jul_non_fraud_only,victim_filer
stixor_iar_jul_non_fraud_only,victim_prov
stixor_iar_jul_non_fraud_only,victim_year_mdob
stixor_iar_jul_non_fraud_only,victim_gmsisdn
stixor_iar_jul_non_fraud_only,victim_trust_level
stixor_iar_jul_non_fraud_only,fraudster_a_c_reference
stixor_iar_jul_non_fraud_only,fraudster_region
stixor_iar_jul_non_fraud_only,fraudster_city
stixor_iar_jul_non_fraud_only,fraudster_registered_channel
stixor_iar_jul_non_fraud_only,fraudster_a_c_status
stixor_iar_jul_non_fraud_only,fraudster_a_c_level
stixor_iar_jul_non_fraud_only,fraudster_agent_group
stixor_iar_jul_non_fraud_only,fraudster_limit_group
stixor_iar_jul_non_fraud_only,fraudster_charge_profile
stixor_iar_jul_non_fraud_only,fraudster_credit_dl_ml_yl
stixor_iar_jul_non_fraud_only,fraudster_debit_dl_ml_yl
stixor_iar_jul_non_fraud_only,fraudster_place_of_birth
stixor_iar_jul_non_fraud_only,fraudster_account_type_name
stixor_iar_jul_non_fraud_only,fraudster_mpin_status
stixor_iar_jul_non_fraud_only,fraudster_filer
stixor_iar_jul_non_fraud_only,fraudster_prov
stixor_iar_jul_non_fraud_only,fraudster_year_mdob
stixor_iar_jul_non_fraud_only,fraudster_gmsisdn
stixor_iar_jul_non_fraud_only,fraudster_trust_level
stixor_iar_jul_non_fraud_only,trans_id
stixor_iar_jul_non_fraud_only,customer_msisdn
stixor_iar_jul_non_fraud_only,trx_channel
stixor_iar_jul_non_fraud_only,trx_type
stixor_iar_jul_non_fraud_only,trx_status
stixor_iar_jul_non_fraud_only,ac_from
stixor_iar_jul_non_fraud_only,ac_to
stixor_iar_jul_non_fraud_only,utility_company
stixor_iar_jul_non_fraud_only,bill_ref_number
stixor_iar_jul_non_fraud_only,reason_type
stixor_iar_jul_non_fraud_only,pur_of_remit
stixor_iar_jul_non_fraud_only,ec
stixor_iar_jul_non_fraud_only,merchant_id
stixor_iar_jul_non_fraud_only,victim_a_c_reference
stixor_iar_jul_non_fraud_only,victim_region
stixor_iar_jul_non_fraud_only,victim_city
stixor_iar_jul_fraud_only_with_mbar,created_datetime
stixor_iar_jul_fraud_only_with_mbar,from_registered_date_time
stixor_iar_jul_fraud_only_with_mbar,to_year_of_birth
stixor_iar_jul_fraud_only_with_mbar,to_last_modified_date_time
stixor_iar_jul_fraud_only_with_mbar,to_dormant_date
stixor_iar_jul_fraud_only_with_mbar,to_re_active_date
stixor_iar_jul_fraud_only_with_mbar,start_balance
stixor_iar_jul_fraud_only_with_mbar,trx_amt
stixor_iar_jul_fraud_only_with_mbar,end_balance
stixor_iar_jul_fraud_only_with_mbar,from_year_of_birth
stixor_iar_jul_fraud_only_with_mbar,from_last_modified_date_time
stixor_iar_jul_fraud_only_with_mbar,from_dormant_date
stixor_iar_jul_fraud_only_with_mbar,from_re_active_date
stixor_iar_jul_fraud_only_with_mbar,resolved_datetime
stixor_iar_jul_fraud_only_with_mbar,to_registered_date_time
stixor_iar_jul_fraud_only_with_mbar,transaction_datetime
stixor_iar_jul_fraud_only_with_mbar,fee
stixor_iar_jul_fraud_only_with_mbar,fed
stixor_iar_jul_fraud_only_with_mbar,data_date
stixor_iar_jul_fraud_only_with_mbar,trans_initiate_time
stixor_iar_jul_fraud_only_with_mbar,trx_amount
stixor_iar_jul_fraud_only_with_mbar,is_fraud
stixor_iar_jul_fraud_only_with_mbar,to_a_c_level
stixor_iar_jul_fraud_only_with_mbar,to_agent_group
stixor_iar_jul_fraud_only_with_mbar,to_limit_group
stixor_iar_jul_fraud_only_with_mbar,to_charge_profile
stixor_iar_jul_fraud_only_with_mbar,to_credit_dl_ml_yl
stixor_iar_jul_fraud_only_with_mbar,to_debit_dl_ml_yl
stixor_iar_jul_fraud_only_with_mbar,to_place_of_birth
stixor_iar_jul_fraud_only_with_mbar,to_account_type_name
stixor_iar_jul_fraud_only_with_mbar,to_mpin_status
stixor_iar_jul_fraud_only_with_mbar,complaint_num
stixor_iar_jul_fraud_only_with_mbar,to_prov
stixor_iar_jul_fraud_only_with_mbar,to_year_mdob
stixor_iar_jul_fraud_only_with_mbar,to_gmsisdn
stixor_iar_jul_fraud_only_with_mbar,to_trust_level
stixor_iar_jul_fraud_only_with_mbar,from_a_c_reference
stixor_iar_jul_fraud_only_with_mbar,from_region
stixor_iar_jul_fraud_only_with_mbar,from_city
stixor_iar_jul_fraud_only_with_mbar,from_registered_channel
stixor_iar_jul_fraud_only_with_mbar,from_a_c_status
stixor_iar_jul_fraud_only_with_mbar,from_a_c_level
stixor_iar_jul_fraud_only_with_mbar,from_agent_group
stixor_iar_jul_fraud_only_with_mbar,from_limit_group
stixor_iar_jul_fraud_only_with_mbar,from_charge_profile
stixor_iar_jul_fraud_only_with_mbar,from_credit_dl_ml_yl
stixor_iar_jul_fraud_only_with_mbar,from_debit_dl_ml_yl
stixor_iar_jul_fraud_only_with_mbar,from_place_of_birth
stixor_iar_jul_fraud_only_with_mbar,from_account_type_name
stixor_iar_jul_fraud_only_with_mbar,from_mpin_status
stixor_iar_jul_fraud_only_with_mbar,from_filer
stixor_iar_jul_fraud_only_with_mbar,from_prov
stixor_iar_jul_fraud_only_with_mbar,from_year_mdob
stixor_iar_jul_fraud_only_with_mbar,from_gmsisdn
stixor_iar_jul_fraud_only_with_mbar,from_trust_level
stixor_iar_jul_fraud_only_with_mbar,to_filer
stixor_iar_jul_fraud_only_with_mbar,trans_id
stixor_iar_jul_fraud_only_with_mbar,complaint_msisdn
stixor_iar_jul_fraud_only_with_mbar,fraud_msisdn
stixor_iar_jul_fraud_only_with_mbar,victim_msisdn
stixor_iar_jul_fraud_only_with_mbar,ac_from
stixor_iar_jul_fraud_only_with_mbar,ac_to
stixor_iar_jul_fraud_only_with_mbar,trx_channel
stixor_iar_jul_fraud_only_with_mbar,trx_type
stixor_iar_jul_fraud_only_with_mbar,customer_msisdn
stixor_iar_jul_fraud_only_with_mbar,trx_status
stixor_iar_jul_fraud_only_with_mbar,utility_company
stixor_iar_jul_fraud_only_with_mbar,bill_ref_number
stixor_iar_jul_fraud_only_with_mbar,reason_type
stixor_iar_jul_fraud_only_with_mbar,pur_of_remit
stixor_iar_jul_fraud_only_with_mbar,ec
stixor_iar_jul_fraud_only_with_mbar,merchant_id
stixor_iar_jul_fraud_only_with_mbar,to_a_c_reference
stixor_iar_jul_fraud_only_with_mbar,to_region
stixor_iar_jul_fraud_only_with_mbar,to_city
stixor_iar_jul_fraud_only_with_mbar,to_registered_channel
stixor_iar_jul_fraud_only_with_mbar,to_a_c_status
stixor_iar_jul,data_date
stixor_iar_jul,trans_initiate_time
stixor_iar_jul,start_balance
stixor_iar_jul,trx_amt
stixor_iar_jul,end_balance
stixor_iar_jul,fee
stixor_iar_jul,fed
stixor_iar_jul,ac_from
stixor_iar_jul,ac_to
stixor_iar_jul,merchant_id
stixor_iar_jul,reason_type
stixor_iar_jul,pur_of_remit
stixor_iar_jul,utility_company
stixor_iar_jul,bill_ref_number
stixor_iar_jul,trans_id
stixor_iar_jul,ec
stixor_iar_jul,customer_msisdn
stixor_iar_jul,trx_channel
stixor_iar_jul,trx_type
stixor_iar_jul,trx_status
stixor_iar_20250701_sample,data_date
stixor_iar_20250701_sample,trans_initiate_time
stixor_iar_20250701_sample,start_balance
stixor_iar_20250701_sample,trx_amt
stixor_iar_20250701_sample,end_balance
stixor_iar_20250701_sample,fee
stixor_iar_20250701_sample,fed
stixor_iar_20250701_sample,ac_from
stixor_iar_20250701_sample,ac_to
stixor_iar_20250701_sample,merchant_id
stixor_iar_20250701_sample,reason_type
stixor_iar_20250701_sample,pur_of_remit
stixor_iar_20250701_sample,utility_company
stixor_iar_20250701_sample,bill_ref_number
stixor_iar_20250701_sample,trans_id
stixor_iar_20250701_sample,ec
stixor_iar_20250701_sample,customer_msisdn
stixor_iar_20250701_sample,trx_channel
stixor_iar_20250701_sample,trx_type
stixor_iar_20250701_sample,trx_status
stixor_iar_mbar_20250701_sample,fed
stixor_iar_mbar_20250701_sample,trx_amt
stixor_iar_mbar_20250701_sample,end_balance
stixor_iar_mbar_20250701_sample,to_registered_date_time
stixor_iar_mbar_20250701_sample,to_year_of_birth
stixor_iar_mbar_20250701_sample,from_year_of_birth
stixor_iar_mbar_20250701_sample,from_last_modified_date_time
stixor_iar_mbar_20250701_sample,from_dormant_date
stixor_iar_mbar_20250701_sample,from_re_active_date
stixor_iar_mbar_20250701_sample,to_last_modified_date_time
stixor_iar_mbar_20250701_sample,to_dormant_date
stixor_iar_mbar_20250701_sample,to_re_active_date
stixor_iar_mbar_20250701_sample,trans_initiate_time
stixor_iar_mbar_20250701_sample,from_registered_date_time
stixor_iar_mbar_20250701_sample,start_balance
stixor_iar_mbar_20250701_sample,fee
stixor_iar_mbar_20250701_sample,data_date
stixor_iar_mbar_20250701_sample,to_registered_channel
stixor_iar_mbar_20250701_sample,to_a_c_status
stixor_iar_mbar_20250701_sample,to_a_c_level
stixor_iar_mbar_20250701_sample,to_agent_group
stixor_iar_mbar_20250701_sample,to_limit_group
stixor_iar_mbar_20250701_sample,to_charge_profile
stixor_iar_mbar_20250701_sample,to_credit_dl_ml_yl
stixor_iar_mbar_20250701_sample,to_debit_dl_ml_yl
stixor_iar_mbar_20250701_sample,to_place_of_birth
stixor_iar_mbar_20250701_sample,to_account_type_name
stixor_iar_mbar_20250701_sample,to_mpin_status
stixor_iar_mbar_20250701_sample,to_filer
stixor_iar_mbar_20250701_sample,to_prov
stixor_iar_mbar_20250701_sample,to_year_mdob
stixor_iar_mbar_20250701_sample,to_gmsisdn
stixor_iar_mbar_20250701_sample,to_trust_level
stixor_iar_mbar_20250701_sample,from_a_c_reference
stixor_iar_mbar_20250701_sample,from_region
stixor_iar_mbar_20250701_sample,from_city
stixor_iar_mbar_20250701_sample,from_registered_channel
stixor_iar_mbar_20250701_sample,from_a_c_status
stixor_iar_mbar_20250701_sample,from_a_c_level
stixor_iar_mbar_20250701_sample,from_agent_group
stixor_iar_mbar_20250701_sample,from_limit_group
stixor_iar_mbar_20250701_sample,from_charge_profile
stixor_iar_mbar_20250701_sample,from_credit_dl_ml_yl
stixor_iar_mbar_20250701_sample,from_debit_dl_ml_yl
stixor_iar_mbar_20250701_sample,from_place_of_birth
stixor_iar_mbar_20250701_sample,from_account_type_name
stixor_iar_mbar_20250701_sample,from_mpin_status
stixor_iar_mbar_20250701_sample,from_filer
stixor_iar_mbar_20250701_sample,from_prov
stixor_iar_mbar_20250701_sample,from_year_mdob
stixor_iar_mbar_20250701_sample,from_gmsisdn
stixor_iar_mbar_20250701_sample,from_trust_level
stixor_iar_mbar_20250701_sample,trans_id
stixor_iar_mbar_20250701_sample,customer_msisdn
stixor_iar_mbar_20250701_sample,trx_channel
stixor_iar_mbar_20250701_sample,trx_type
stixor_iar_mbar_20250701_sample,trx_status
stixor_iar_mbar_20250701_sample,ac_from
stixor_iar_mbar_20250701_sample,ac_to
stixor_iar_mbar_20250701_sample,utility_company
stixor_iar_mbar_20250701_sample,bill_ref_number
stixor_iar_mbar_20250701_sample,reason_type
stixor_iar_mbar_20250701_sample,pur_of_remit
stixor_iar_mbar_20250701_sample,ec
stixor_iar_mbar_20250701_sample,merchant_id
stixor_iar_mbar_20250701_sample,to_a_c_reference
stixor_iar_mbar_20250701_sample,to_region
stixor_iar_mbar_20250701_sample,to_city
stixor_iar_mbar_20250701_ac_to,to_dormant_date
stixor_iar_mbar_20250701_ac_to,to_re_active_date
stixor_iar_mbar_20250701_ac_to,to_registered_date_time
stixor_iar_mbar_20250701_ac_to,to_year_of_birth
stixor_iar_mbar_20250701_ac_to,to_last_modified_date_time
stixor_iar_mbar_20250701_ac_to,to_a_c_level
stixor_iar_mbar_20250701_ac_to,to_agent_group
stixor_iar_mbar_20250701_ac_to,to_limit_group
stixor_iar_mbar_20250701_ac_to,to_charge_profile
stixor_iar_mbar_20250701_ac_to,to_credit_dl_ml_yl
stixor_iar_mbar_20250701_ac_to,to_debit_dl_ml_yl
stixor_iar_mbar_20250701_ac_to,to_place_of_birth
stixor_iar_mbar_20250701_ac_to,to_account_type_name
stixor_iar_mbar_20250701_ac_to,to_mpin_status
stixor_iar_mbar_20250701_ac_to,to_filer
stixor_iar_mbar_20250701_ac_to,to_prov
stixor_iar_mbar_20250701_ac_to,to_year_mdob
stixor_iar_mbar_20250701_ac_to,to_gmsisdn
stixor_iar_mbar_20250701_ac_to,to_a_c_reference
stixor_iar_mbar_20250701_ac_to,to_trust_level
stixor_iar_mbar_20250701_ac_to,to_region
stixor_iar_mbar_20250701_ac_to,to_city
stixor_iar_mbar_20250701_ac_to,to_registered_channel
stixor_iar_mbar_20250701_ac_to,to_a_c_status
stixor_iar_mbar_20250701_ac_from,from_dormant_date
stixor_iar_mbar_20250701_ac_from,from_re_active_date
stixor_iar_mbar_20250701_ac_from,from_registered_date_time
stixor_iar_mbar_20250701_ac_from,from_year_of_birth
stixor_iar_mbar_20250701_ac_from,from_last_modified_date_time
stixor_iar_mbar_20250701_ac_from,from_a_c_level
stixor_iar_mbar_20250701_ac_from,from_agent_group
stixor_iar_mbar_20250701_ac_from,from_limit_group
stixor_iar_mbar_20250701_ac_from,from_charge_profile
stixor_iar_mbar_20250701_ac_from,from_credit_dl_ml_yl
stixor_iar_mbar_20250701_ac_from,from_debit_dl_ml_yl
stixor_iar_mbar_20250701_ac_from,from_place_of_birth
stixor_iar_mbar_20250701_ac_from,from_account_type_name
stixor_iar_mbar_20250701_ac_from,from_mpin_status
stixor_iar_mbar_20250701_ac_from,from_filer
stixor_iar_mbar_20250701_ac_from,from_prov
stixor_iar_mbar_20250701_ac_from,from_year_mdob
stixor_iar_mbar_20250701_ac_from,from_gmsisdn
stixor_iar_mbar_20250701_ac_from,from_a_c_reference
stixor_iar_mbar_20250701_ac_from,from_trust_level
stixor_iar_mbar_20250701_ac_from,from_region
stixor_iar_mbar_20250701_ac_from,from_city
stixor_iar_mbar_20250701_ac_from,from_registered_channel
stixor_iar_mbar_20250701_ac_from,from_a_c_status
